"step","started_at","finished_at","elapsed_seconds","elapsed_minutes","status","cache_status","cache_source","error"
"Snapshot source and raw inputs","2026-09-13 06:51:36 UTC","2026-09-13 06:51:36 UTC",0.16365385055542,0.00272756417592367,"success","calculated",,
"Data preparation","2026-09-13 06:51:36 UTC","2026-09-13 06:51:39 UTC",3.10996294021606,0.0518327156702677,"success","calculated",,
"Render main analysis","2026-09-13 06:51:39 UTC","2026-09-13 07:18:23 UTC",1603.18540406227,26.7197567343712,"success","calculated",,
"RQ1 recognition covariate-null fit","2026-09-13 06:51:43 UTC","2026-09-13 06:51:43 UTC",0.45594310760498,0.00759905179341634,"success","cached","20260913T060850Z_a7e1690c",
"RQ1 correction covariate-null fit","2026-09-13 06:51:43 UTC","2026-09-13 06:51:44 UTC",0.601576089859009,0.0100262681643168,"success","cached","20260913T060850Z_a7e1690c",
"RQ1 recognition fit","2026-09-13 06:51:44 UTC","2026-09-13 06:51:44 UTC",0.647722005844116,0.0107953667640686,"success","cached","20260913T060850Z_a7e1690c",
"RQ1 correction fit","2026-09-13 06:51:44 UTC","2026-09-13 06:51:45 UTC",0.53891396522522,0.00898189942042033,"success","cached","20260913T060850Z_a7e1690c",
"RQ1 recognition random-intercept fit","2026-09-13 06:51:45 UTC","2026-09-13 06:51:46 UTC",0.746173858642578,0.0124362309773763,"success","cached","20260913T060850Z_a7e1690c",
"RQ1 correction random-intercept fit","2026-09-13 06:51:46 UTC","2026-09-13 06:51:46 UTC",0.80504298210144,0.013417383035024,"success","cached","20260913T060850Z_a7e1690c",
"RQ1 recognition DHARMa simulation","2026-09-13 06:51:46 UTC","2026-09-13 06:51:48 UTC",1.08528995513916,0.018088165918986,"success","cached","20260913T060850Z_a7e1690c",
"RQ1 correction DHARMa simulation","2026-09-13 06:51:48 UTC","2026-09-13 06:51:50 UTC",1.44464302062988,0.0240773836771647,"success","cached","20260913T060850Z_a7e1690c",
"RQ1 influence checks","2026-09-13 06:51:50 UTC","2026-09-13 06:51:50 UTC",0.0272970199584961,0.000454950332641602,"success","cached","20260913T060850Z_a7e1690c",
"RQ2 primary Bayesian fit","2026-09-13 06:51:51 UTC","2026-09-13 06:52:01 UTC",10.3463470935822,0.172439118226369,"success","cached","20260913T060850Z_a7e1690c",
"RQ2 Bayesian diagnostics","2026-09-13 06:52:04 UTC","2026-09-13 06:52:04 UTC",0.0775930881500244,0.00129321813583374,"success","cached","20260913T060850Z_a7e1690c",
"RQ2 moment-matched PSIS-LOO","2026-09-13 06:52:12 UTC","2026-09-13 06:52:12 UTC",0.0135679244995117,0.000226132074991862,"success","cached","20260913T060850Z_a7e1690c",
"RQ2 exact LOO refits","2026-09-13 06:52:13 UTC","2026-09-13 07:14:23 UTC",1329.49070501328,22.1581784168879,"success","calculated",,
"RQ3 correction fit","2026-09-13 07:14:43 UTC","2026-09-13 07:15:25 UTC",41.8117020130157,0.696861700216929,"success","cached","20260913T060850Z_a7e1690c",
"RQ3 time-only null fit","2026-09-13 07:15:25 UTC","2026-09-13 07:16:07 UTC",42.0473780632019,0.700789634386698,"success","cached","20260913T060850Z_a7e1690c",
"RQ3 no-interactions fit","2026-09-13 07:16:07 UTC","2026-09-13 07:16:50 UTC",43.5627498626709,0.726045831044515,"success","cached","20260913T060850Z_a7e1690c",
"RQ3 random-intercept fit","2026-09-13 07:16:50 UTC","2026-09-13 07:17:33 UTC",42.9915220737457,0.716525367895762,"success","cached","20260913T060850Z_a7e1690c",
"RQ3 DHARMa simulation","2026-09-13 07:17:35 UTC","2026-09-13 07:18:21 UTC",46.143975019455,0.769066250324249,"success","cached","20260913T060850Z_a7e1690c",
"Render data exploration","2026-09-13 07:18:23 UTC","2026-09-13 07:18:30 UTC",6.94155693054199,0.115692615509033,"success","calculated",,
"RQ2 prior sensitivity analysis","2026-09-13 07:18:30 UTC","2026-09-13 07:57:04 UTC",2314.00738692284,38.5667897820473,"success","calculated",,
"RQ2 generic-prior Bayesian fit","2026-09-13 07:18:53 UTC","2026-09-13 07:19:07 UTC",14.3249969482422,0.23874994913737,"success","cached","20260913T060850Z_a7e1690c",
"RQ2 sensitivity diagnostics: glmm_informed","2026-09-13 07:19:07 UTC","2026-09-13 07:19:07 UTC",0.0794291496276855,0.00132381916046143,"success","cached","20260913T065136Z_b7193eb1",
"RQ2 sensitivity diagnostics: generic_weak","2026-09-13 07:19:07 UTC","2026-09-13 07:19:07 UTC",0.076585054397583,0.00127641757329305,"success","cached","20260913T060850Z_a7e1690c",
"RQ2 moment-matched sensitivity LOO: glmm_informed","2026-09-13 07:19:37 UTC","2026-09-13 07:19:37 UTC",0.00981402397155762,0.000163567066192627,"success","cached","20260913T065136Z_b7193eb1",
"RQ2 moment-matched sensitivity LOO: generic_weak","2026-09-13 07:19:37 UTC","2026-09-13 07:19:37 UTC",0.0145020484924316,0.000241700808207194,"success","cached","20260913T060850Z_a7e1690c",
"RQ2 exact sensitivity LOO refits: glmm_informed","2026-09-13 07:19:40 UTC","2026-09-13 07:19:40 UTC",0.00977396965026855,0.000162899494171143,"success","cached","20260913T065136Z_b7193eb1",
"RQ2 exact sensitivity LOO refits: generic_weak","2026-09-13 07:19:40 UTC","2026-09-13 07:57:02 UTC",2241.58127403259,37.3596879005432,"success","calculated",,
"Register outputs and environment","2026-09-13 07:57:04 UTC","2026-09-13 07:57:08 UTC",4.87175011634827,0.0811958352724711,"success","calculated",,
"Validate run artifacts","2026-09-13 07:57:08 UTC","2026-09-13 07:57:50 UTC",41.6702129840851,0.694503549734751,"success","calculated",,
"TOTAL","2026-09-13 06:51:36 UTC","2026-09-13 07:57:50 UTC",3974.14268898964,66.2357406338056,"success","not_applicable",,
