model,observation,pareto_k,response,fitted_probability,observed_probability,surprising_outcome,time,participant_ID,participant_n,id,item_n,error_type,error_type_n,max_abs_scaled_predictor
glmm_informed,347,0.7284723825841701,0,0.5136141768767777,0.4863858231232223,FALSE,imm,FKN1_I,30,174,2,Excess word,24,2.6777348546364084
glmm_informed,825,0.7049397420299827,1,0.3533899314716863,0.3533899314716863,FALSE,imm,CGT1_S,30,413,2,Government,444,3.522107039194894
glmm_informed,859,0.7069219328381309,0,0.403055079904226,0.5969449200957739,FALSE,imm,CGS1_S,30,430,2,Gender,122,2.6777348546364084
glmm_informed,1202,0.827020213298651,0,0.5530342878451301,0.4469657121548699,FALSE,del,ABA1_C,30,601,2,Substitution,1156,4.848711946638954
glmm_informed,1558,0.7540527539930403,1,0.3016292510132293,0.3016292510132293,FALSE,del,FTE1_D,30,779,2,Government,444,2.171552162310211
glmm_informed,1617,0.7384130278352533,0,0.6873903484937451,0.31260965150625486,FALSE,imm,RME1_D,30,809,2,Substitution,1156,2.717583591706971
glmm_informed,2169,0.8817643628725393,1,0.324076932195143,0.324076932195143,FALSE,imm,EBM1_J,30,1085,2,Substitution,1156,4.848711946638954
glmm_informed,2388,0.7100531348622248,0,0.5388881899833442,0.4611118100166558,FALSE,del,RNM1_J,30,1194,2,Substitution,1156,4.0867812573896325
generic_weak,232,0.7534521066491474,0,0.5092551385170805,0.4907448614829195,FALSE,del,RHK1_I,30,116,2,Government,444,1.6646627934913474
generic_weak,511,0.7282435609234335,0,0.4104696373456843,0.5895303626543157,FALSE,imm,BEA1_S,30,256,2,Pronoun,152,2.4040897395920666
generic_weak,582,0.748766201830568,0,0.5220873240780438,0.4779126759219562,FALSE,del,GKN1_S,30,291,2,Order,38,2.835048906292825
generic_weak,595,0.7996288035941871,0,0.5895155478359839,0.4104844521640161,FALSE,imm,GKN1_S,30,298,2,Ellipsis,38,2.3070137164943807
generic_weak,703,0.7698379029770367,1,0.4756027136977071,0.4756027136977071,FALSE,imm,PNA1_S,30,352,2,Ellipsis,38,2.171552162310211
generic_weak,836,0.701040282278694,1,0.48254150324981376,0.48254150324981376,FALSE,del,CGT1_S,30,418,2,Gender,122,4.848711946638954
generic_weak,915,0.7367489096406045,0,0.5144708086046325,0.48552919139536754,FALSE,imm,CMJ1_S,30,458,2,Number,100,2.319587820261153
generic_weak,1000,0.7394094770579085,1,0.32899551796657023,0.32899551796657023,FALSE,del,EPA1_C,30,500,2,Substitution,1156,2.9671936759688124
generic_weak,1353,0.8122413437054861,1,0.38381587181941856,0.38381587181941856,FALSE,imm,RWA1_D,30,677,2,Substitution,1156,1.6646627934913474
generic_weak,1576,0.8096602805838397,0,0.7610902869666684,0.23890971303333164,FALSE,del,BGE1_D,30,788,2,Gender,122,4.800787640396337
generic_weak,2270,0.7024012005021214,1,0.39364556677119944,0.39364556677119944,FALSE,del,CJS1_J,30,1135,2,Government,444,7.218348760175732
