model,bin,n,p_hat,p_obs,lo,hi
glmm_informed,1,255,0.07785435720553097,0,0.05481938362084338,0.10415191451229232
glmm_informed,2,255,0.1374049492446783,0,0.10768928273639276,0.16707594820170382
glmm_informed,3,255,0.19375298833245072,0.007843137254901978,0.15914438743355389,0.23087395322097387
glmm_informed,4,255,0.2698989746205113,0.08235294117647056,0.23158565986872637,0.30945748576572807
glmm_informed,5,255,0.37869057562485936,0.36470588235294127,0.3423987682079301,0.41439548602725373
glmm_informed,6,255,0.47733151234936344,0.4588235294117646,0.4413685403669594,0.5134287564617683
glmm_informed,7,255,0.575567782529023,0.6274509803921569,0.5382194063809095,0.612392512330155
glmm_informed,8,255,0.6939128130248341,0.9137254901960784,0.6518024555421659,0.7343793375733523
glmm_informed,9,255,0.7808671403309728,0.9921568627450981,0.7415793145851833,0.8207509625155437
glmm_informed,10,255,0.8571045736424963,0.996078431372549,0.8233226483568088,0.8881221774730371
generic_weak,1,255,0.07673936672989805,0,0.05422405214782699,0.10375362133500929
generic_weak,2,255,0.13573045397797395,0,0.10673696907260863,0.16780966900208175
generic_weak,3,255,0.19216255475761843,0.003921568627450991,0.15725449638207867,0.23178081995205402
generic_weak,4,255,0.2693695625748453,0.08235294117647056,0.23303464452531408,0.30869054313393535
generic_weak,5,255,0.37963688941330215,0.3490196078431374,0.3442790235159253,0.4162143357377437
generic_weak,6,255,0.476813893423147,0.4901960784313725,0.44017382004674294,0.5135500816360006
generic_weak,7,255,0.5766729996412566,0.6039215686274509,0.5373732757188207,0.6139455212559978
generic_weak,8,255,0.6953085036991411,0.9254901960784313,0.6517347075513293,0.7350558507612623
generic_weak,9,255,0.7831833224775683,0.9921568627450981,0.7400142016450791,0.821234035955194
generic_weak,10,255,0.859545544273085,0.996078431372549,0.824762025665848,0.8905521915624749
