"Package","Version"
"abind","1.4-8"
"afex","1.4-1"
"ape","5.8-1"
"askpass","1.2.1"
"backports","1.5.0"
"base","4.5.1"
"base64enc","0.1-3"
"BayesFactor","0.9.12-4.7"
"bayesm","3.1-6"
"bayesplot","1.12.0"
"bayestestR","0.15.3"
"BH","1.87.0-1"
"bit","4.6.0"
"bit64","4.6.0-1"
"bitops","1.0-9"
"blob","1.2.4"
"boot","1.3-31"
"brew","1.0-10"
"bridgesampling","1.1-2"
"brio","1.1.5"
"brms","2.22.0"
"Brobdingnag","1.2-9"
"broom","1.0.8"
"broom.mixed","0.2.9.6"
"bslib","0.9.0"
"BWStest","0.2.3"
"cachem","1.1.0"
"callr","3.7.6"
"car","3.1-3"
"carData","3.0-5"
"caret","7.0-1"
"caTools","1.18.3"
"cellranger","1.1.0"
"checkmate","2.3.2"
"class","7.3-23"
"classInt","0.4-11"
"cli","3.6.5"
"clipr","0.8.0"
"clock","0.7.3"
"clubSandwich","0.6.0"
"cluster","2.1.8.1"
"cmdstanr","0.8.0"
"coda","0.19-4.1"
"codetools","0.2-20"
"collapse","2.1.3"
"collections","0.3.12"
"colorspace","2.1-2"
"commonmark","1.9.5"
"compiler","4.5.1"
"compositions","2.0-9"
"conflicted","1.2.0"
"contfrac","1.1-12"
"correlation","0.8.7"
"corrplot","0.95"
"cowplot","1.1.3"
"cpp11","0.5.2"
"crayon","1.5.3"
"credentials","2.0.3"
"crosstalk","1.2.1"
"curl","7.0.0"
"data.table","1.17.2"
"datasets","4.5.1"
"datawizard","1.1.0"
"DBI","1.2.3"
"dbplyr","2.5.0"
"dendextend","1.19.1"
"DEoptimR","1.1-4"
"Deriv","4.1.6"
"desc","1.4.3"
"deSolve","1.40"
"devtools","2.4.5"
"DHARMa","0.4.7"
"diagram","1.6.5"
"diffobj","0.3.6"
"digest","0.6.37"
"distributional","0.5.0"
"doBy","4.6.27"
"doParallel","1.0.17"
"downlit","0.4.4"
"dplyr","1.1.4"
"DT","0.34.0"
"dtplyr","1.3.1"
"e1071","1.7-16"
"effectsize","1.0.0"
"ellipse","0.5.0"
"ellipsis","0.3.2"
"elliptic","1.4-0"
"emmeans","1.11.2-8"
"estimability","1.5.1"
"evaluate","1.0.3"
"factoextra","1.0.7"
"FactoMineR","2.12"
"fansi","1.0.6"
"farver","2.1.2"
"fastmap","1.2.0"
"flashClust","1.01-2"
"fontawesome","0.5.3"
"forcats","1.0.1"
"foreach","1.5.2"
"foreign","0.8-90"
"Formula","1.2-5"
"fs","1.6.6"
"furrr","0.3.1"
"future","1.49.0"
"future.apply","1.11.3"
"gap","1.6"
"gap.datasets","0.0.6"
"gargle","1.5.2"
"generics","0.1.4"
"gert","2.1.5"
"ggcorrplot","0.1.4.1"
"ggeffects","2.2.1"
"ggfittext","0.10.2"
"ggformula","0.12.0"
"ggpattern","1.2.1"
"ggplot2","4.0.0"
"ggpubr","0.6.1"
"ggrepel","0.9.6"
"ggridges","0.5.6"
"ggsankey","0.0.99999"
"ggsci","4.0.0"
"ggside","0.3.1"
"ggsignif","0.6.4"
"ggstatsplot","0.13.1"
"gh","1.5.0"
"gitcreds","0.1.2"
"glmmTMB","1.1.11"
"glmnet","4.1-8"
"globals","0.18.0"
"glue","1.8.0"
"gmp","0.7-5"
"googledrive","2.1.1"
"googlesheets4","1.1.1"
"gower","1.0.2"
"GPArotation","2025.3-1"
"gplots","3.2.0"
"graphics","4.5.1"
"grDevices","4.5.1"
"grid","4.5.1"
"gridExtra","2.3"
"gridpattern","1.3.1"
"gridtext","0.1.5"
"gtable","0.3.6"
"gtools","3.9.5"
"hardhat","1.4.1"
"haven","2.5.4"
"here","1.0.2"
"highr","0.11"
"hms","1.1.3"
"htmltools","0.5.8.1"
"htmlwidgets","1.6.4"
"httpuv","1.6.16"
"httr","1.4.7"
"httr2","1.2.1"
"hypergeo","1.2-14"
"ids","1.0.1"
"influence.ME","0.9-9"
"ini","0.3.1"
"inline","0.3.21"
"insight","1.4.2"
"ipred","0.9-15"
"isoband","0.2.7"
"iterators","1.0.14"
"janeaustenr","1.0.0"
"jpeg","0.1-11"
"jquerylib","0.1.4"
"jsonlite","2.0.0"
"KernSmooth","2.23-26"
"knitr","1.50"
"kSamples","1.2-10"
"labeling","0.4.3"
"labelled","2.14.1"
"languageserver","0.3.17"
"later","1.4.2"
"lattice","0.22-7"
"lava","1.8.1"
"lazyeval","0.2.2"
"leaps","3.2"
"lifecycle","1.0.4"
"lintr","3.3.0-1"
"listenv","0.9.1"
"litedown","0.7"
"lme4","1.1-37"
"lmerTest","3.1-3"
"lmtest","0.9-40"
"loo","2.9.0"
"lubridate","1.9.4"
"magrittr","2.0.4"
"marginaleffects","0.30.0"
"markdown","2.0"
"MASS","7.3-65"
"Matrix","1.7-3"
"MatrixModels","0.5-4"
"matrixStats","1.5.0"
"memoise","2.0.1"
"methods","4.5.1"
"mgcv","1.9-3"
"microbenchmark","1.5.0"
"mime","0.13"
"miniUI","0.1.2"
"minqa","1.2.8"
"mnormt","2.1.1"
"ModelMetrics","1.2.2.2"
"modelr","0.1.11"
"mosaic","1.9.1"
"mosaicCore","0.9.4.0"
"mosaicData","0.20.4"
"multcompView","0.1-10"
"multiwayvcov","1.2.3"
"mvtnorm","1.3-3"
"naniar","1.1.0"
"nleqslv","3.3.5"
"nlme","3.1-168"
"nloptr","2.2.1"
"nnet","7.3-20"
"norm","1.0-11.1"
"numDeriv","2016.8-1.1"
"openssl","2.3.2"
"paletteer","1.6.0"
"parallel","4.5.1"
"parallelly","1.44.0"
"parameters","0.25.0"
"patchwork","1.3.0"
"pbapply","1.7-2"
"pbkrtest","0.5.4"
"performance","0.13.0"
"pillar","1.11.1"
"pkgbuild","1.4.7"
"pkgconfig","2.0.3"
"pkgdown","2.1.3"
"pkgload","1.4.1"
"plotly","4.10.4"
"plyr","1.8.9"
"PMCMRplus","1.9.12"
"png","0.1-8"
"polynom","1.4-1"
"posterior","1.6.1"
"praise","1.0.0"
"prettyunits","1.2.0"
"prismatic","1.1.2"
"pROC","1.18.5"
"processx","3.8.6"
"prodlim","2025.04.28"
"profvis","0.4.0"
"progress","1.2.3"
"progressr","0.15.1"
"promises","1.3.2"
"proxy","0.4-27"
"ps","1.9.1"
"pscl","1.5.9"
"psych","2.5.3"
"purrr","1.1.0"
"qgam","2.0.0"
"quantreg","6.1"
"QuickJSR","1.7.0"
"R.cache","0.17.0"
"R.methodsS3","1.8.2"
"R.oo","1.27.1"
"R.utils","2.13.0"
"R6","2.6.1"
"ragg","1.4.0"
"rappdirs","0.3.3"
"rbibutils","2.3"
"rcmdcheck","1.4.0"
"RColorBrewer","1.1-3"
"Rcpp","1.1.1"
"RcppArmadillo","15.0.2-2"
"RcppEigen","0.3.4.0.2"
"RcppParallel","5.1.10"
"Rdpack","2.6.4"
"readr","2.1.5"
"readxl","1.4.5"
"recipes","1.3.0"
"reformulas","0.4.1"
"rematch","2.0.0"
"rematch2","2.1.2"
"remotes","2.5.0"
"renv","1.1.4"
"reprex","2.1.1"
"reshape","0.8.9"
"reshape2","1.4.4"
"ResourceSelection","0.3-6"
"rex","1.2.2"
"rlang","1.1.6"
"rmarkdown","2.29"
"Rmpfr","1.1-0"
"robustbase","0.99-6"
"ROCR","1.0-11"
"roxygen2","7.3.3"
"rpart","4.1.24"
"rprojroot","2.1.1"
"rstan","2.32.7"
"rstantools","2.4.0"
"rstatix","0.7.2"
"rstudioapi","0.17.1"
"rversions","2.1.2"
"rvest","1.0.4"
"s2","1.1.9"
"S7","0.2.0"
"sandwich","3.1-1"
"sass","0.4.10"
"scales","1.4.0"
"scatterplot3d","0.3-44"
"selectr","0.4-2"
"sessioninfo","1.2.3"
"sf","1.0-21"
"shades","1.4.0"
"shape","1.4.6.1"
"shiny","1.10.0"
"SnowballC","0.7.1"
"sourcetools","0.1.7-1"
"SparseM","1.84-2"
"sparsevctrs","0.3.3"
"spatial","7.3-18"
"splines","4.5.1"
"SQUAREM","2021.1"
"StanHeaders","2.32.10"
"stats","4.5.1"
"stats4","4.5.1"
"statsExpressions","1.7.0"
"stringi","1.8.7"
"stringr","1.5.2"
"styler","1.11.0"
"SuppDists","1.1-9.9"
"survival","3.8-3"
"sys","3.4.3"
"systemfonts","1.2.3"
"tcltk","4.5.1"
"tensorA","0.36.2.1"
"testthat","3.2.3"
"textshaping","1.0.1"
"tibble","3.3.0"
"tidyr","1.3.1"
"tidyselect","1.2.1"
"tidytext","0.4.3"
"tidyverse","2.0.0"
"timechange","0.3.0"
"timeDate","4041.110"
"tinytex","0.57"
"TMB","1.9.17"
"tokenizers","0.3.0"
"tools","4.5.1"
"treemapify","2.5.6"
"tzdb","0.5.0"
"units","0.8-7"
"UpSetR","1.4.0"
"urlchecker","1.0.1"
"usethis","3.2.1"
"utf8","1.2.6"
"utils","4.5.1"
"uuid","1.2-1"
"vctrs","0.6.5"
"viridis","0.6.5"
"viridisLite","0.4.2"
"visdat","0.6.0"
"visreg","2.7.0"
"vroom","1.6.5"
"waldo","0.6.2"
"whisker","0.4.1"
"withr","3.0.2"
"wk","0.9.4"
"WRS2","1.1-6"
"xfun","0.52"
"xml2","1.3.8"
"xmlparsedata","1.0.5"
"xopen","1.0.1"
"xtable","1.8-4"
"yaml","2.3.10"
"zeallot","0.1.0"
"zip","2.3.3"
"zoo","1.8-14"
